model_name,test_loss,test_accuracy,Class 0_precision,Class 0_recall,Class 0_f1-score,Class 0_support,Class 1_precision,Class 1_recall,Class 1_f1-score,Class 1_support,accuracy,macro avg_precision,macro avg_recall,macro avg_f1-score,macro avg_support,weighted avg_precision,weighted avg_recall,weighted avg_f1-score,weighted avg_support
all_without_ours_3,0.4824153482913971,0.841780424118042,0.5548941798941799,0.8290513833992095,0.6648177496038035,1012.0,0.9548891786179922,0.8447520184544406,0.8964504283965729,4335.0,0.8417804376285768,0.754891679256086,0.836901700926825,0.7806340890001882,5347.0,0.8791841218181983,0.8417804376285768,0.8526104674954539,5347.0
