model_name,test_loss,test_accuracy,Class 0_precision,Class 0_recall,Class 0_f1-score,Class 0_support,Class 1_precision,Class 1_recall,Class 1_f1-score,Class 1_support,accuracy,macro avg_precision,macro avg_recall,macro avg_f1-score,macro avg_support,weighted avg_precision,weighted avg_recall,weighted avg_f1-score,weighted avg_support
all,0.13240565359592438,0.9416494965553284,0.919664268585132,0.7579051383399209,0.8309859154929577,1012.0,0.9457123864391758,0.9845444059976932,0.9647377938517179,4335.0,0.9416495230970637,0.9326883275121538,0.8712247721688071,0.8978618546723378,5347.0,0.9407823891943108,0.9416495230970637,0.9394232434685001,5347.0
