model_name,test_loss,test_accuracy,Class 0_precision,Class 0_recall,Class 0_f1-score,Class 0_support,Class 1_precision,Class 1_recall,Class 1_f1-score,Class 1_support,accuracy,macro avg_precision,macro avg_recall,macro avg_f1-score,macro avg_support,weighted avg_precision,weighted avg_recall,weighted avg_f1-score,weighted avg_support
all_with_eac,0.13650080561637878,0.9465120434761047,0.8674089068825911,0.8468379446640316,0.857,1012.0,0.964441385638908,0.9697808535178778,0.9671037497124454,4335.0,0.9465120628389752,0.9159251462607496,0.9083093990909548,0.9120518748562227,5347.0,0.9460765327304748,0.9465120628389752,0.9462649625964935,5347.0
